Workbook

Sheet Basic Functions
A1: Monthly Expense Report
A2: Expense ID | B2: Employee Name | C2: Department | D2: Expense Category | E2: Amount (₹) | F2: Round
A3: EX001 | B3: Arun Kumar | C3: Sales | D3: Travel | E3: 2450.75 | F3: =ROUND(E3,0) -> 2451
A4: EX002 | B4: Priya Sharma | C4: Marketing | D4: Meals | E4: 1385.5 | F4: =ROUND(E4,0) -> 1386
A5: EX003 | B5: Ramesh Iyer | C5: Finance | D5: Stationery | E5: 820.4 | F5: =ROUND(E5,0) -> 820
A6: EX004 | B6: Sneha Patel | C6: HR | D6: Travel | E6: 3120.9 | F6: =ROUND(E6,0) -> 3121
A7: EX005 | B7: Mohan Das | C7: Sales | D7: Client Meeting | E7: 1985.25 | F7: =ROUND(E7,0) -> 1985
A8: EX006 | B8: Kavya Nair | C8: Marketing | D8: Travel | E8: 2760.6 | F8: =ROUND(E8,0) -> 2761
A9: EX007 | B9: Rahul Mehta | C9: IT | D9: Software | E9: 4599.99 | F9: =ROUND(E9,0) -> 4600
A10: EX008 | B10: Anjali Verma | C10: Finance | D10: Training | E10: 3650.75 | F10: =ROUND(E10,0) -> 3651
A11: EX009 | B11: Suresh Rao | C11: HR | D11: Meals | E11: 1120.3 | F11: =ROUND(E11,0) -> 1120
A12: EX010 | B12: Neha Gupta | C12: Sales | D12: Travel | E12: 2890.8 | F12: =ROUND(E12,0) -> 2891
A13: EX011 | B13: Karthik M | C13: IT | D13: Hardware | E13: 7850.45 | F13: =ROUND(E13,0) -> 7850
A14: EX012 | B14: Pooja Singh | C14: Marketing | D14: Advertising | E14: 6420.9 | F14: =ROUND(E14,0) -> 6421
... A17: EX015 | B17: Amit Shah | C17: Sales | D17: Client Meeting | E17: 2365.7 | F17: =ROUND(E17,0) -> 2366
D18: Total Amount | E18: =SUM(E3:E17) -> 50773.14 | F18: =ROUND(E18,0) -> 50773
D19: Average Expense | E19: =AVERAGE(E3:E17) -> 3384.876 | F19: =ROUND(E19,0) -> 3385

Sheet Conditional Functions
A1: Employee Sales Performance Report
A2: Employee ID | B2: Employee Name | C2: Department | D2: Month | E2: Sales Target | F2: Sales Achieved | G2: Target Achieved | I2: Sales Dep | J2: =SUMIFS(F3:F17,C3:C17,"Sales") -> 307000
A3: S001 | B3: Arun Kumar | C3: Sales | D3: Jan | E3: 50000 | F3: 54000 | G3: =IF(F3>=E3,"Target Achieved","Target Not Achieved") -> Target Achieved
A4: S002 | B4: Priya Sharma | C4: Sales | D4: Jan | E4: 50000 | F4: 47000 | G4: =IF(F4>=E4,"Target Achieved","Target Not Achieved") -> Target Not Achieved | I4: Sales Dep - Mar | J4: =SUMIFS(F3:F17,D3:D17,"Mar") -> 248000
A5: S003 | B5: Ramesh Iyer | C5: Marketing | D5: Jan | E5: 45000 | F5: 46000 | G5: =IF(F5>=E5,"Target Achieved","Target Not Achieved") -> Target Achieved
A6: S004 | B6: Sneha Patel | C6: HR | D6: Jan | E6: 30000 | F6: 28000 | G6: =IF(F6>=E6,"Target Achieved","Target Not Achieved") -> Target Not Achieved | I6: Sales Dep - Mar | J6: =SUMIFS(F3:F17,D3:D17,"Mar",C3:C17,"Sales") -> 106000
A7: S005 | B7: Mohan Das | C7: Sales | D7: Jan | E7: 50000 | F7: 52000 | G7: =IF(F7>=E7,"Target Achieved","Target Not Achieved") -> Target Achieved
A8: S006 | B8: Kavya Nair | C8: Marketing | D8: Feb | E8: 45000 | F8: 49000 | G8: =IF(F8>=E8,"Target Achieved","Target Not Achieved") -> Target Achieved
A9: S007 | B9: Rahul Mehta | C9: IT | D9: Feb | E9: 60000 | F9: 61000 | G9: =IF(F9>=E9,"Target Achieved","Target Not Achieved") -> Target Achieved
A10: S008 | B10: Anjali Verma | C10: Sales | D10: Feb | E10: 50000 | F10: 48000 | G10: =IF(F10>=E10,"Target Achieved","Target Not Achieved") -> Target Not Achieved
A11: S009 | B11: Suresh Rao | C11: HR | D11: Feb | E11: 30000 | F11: 32000 | G11: =IF(F11>=E11,"Target Achieved","Target Not Achieved") -> Target Achieved
A12: S010 | B12: Neha Gupta | C12: Marketing | D12: Feb | E12: 45000 | F12: 43000 | G12: =IF(F12>=E12,"Target Achieved","Target Not Achieved") -> Target Not Achieved
A13: S011 | B13: Karthik M | C13: IT | D13: Mar | E13: 60000 | F13: 59000 | G13: =IF(F13>=E13,"Target Achieved","Target Not Achieved") -> Target Not Achieved
A14: S012 | B14: Pooja Singh | C14: Sales | D14: Mar | E14: 50000 | F14: 55000 | G14: =IF(F14>=E14,"Target Achieved","Target Not Achieved") -> Target Achieved
A15: S013 | B15: Vinod Kumar | C15: Finance | D15: Mar | E15: 55000 | F15: 57000 | G15: =IF(F15>=E15,"Target Achieved","Target Not Achieved") -> Target Achieved
A16: S014 | B16: Deepa R | C16: HR | D16: Mar | E16: 30000 | F16: 26000 | G16: =IF(F16>=E16,"Target Achieved","Target Not Achieved") -> Target Not Achieved
A17: S015 | B17: Amit Shah | C17: Sales | D17: Mar | E17: 50000 | F17: 51000 | G17: =IF(F17>=E17,"Target Achieved","Target Not Achieved") -> Target Achieved
F18: =SUM(F3:F17) -> 708000

Sheet Counting Functions
A1: Employee Attendance & Reporting Sheet
A2: Record ID | B2: Employee Name | C2: Department | D2: Attendance Days | E2: Joining Date | F2: Remarks
A3: R001 | B3: Arun Kumar | C3: Sales | D3: 22 | E3: 44931 | F3: Present | G3: Present | H3: =COUNTIF(F3:F17,"Present") -> 11 | J3: sales | K3: =COUNTIF(C3:C17,"Sales") -> 4
A4: R002 | B4: Priya Sharma | C4: Marketing | D4: 20 | E4: 44969 | F4: Present | G4: Absent | H4: =COUNTIF(F3:F17,"Absent") -> 1 | J4: Marketing | K4: =COUNTIF(C3:C17,"Marketing") -> 3
A5: R003 | B5: Ramesh Iyer | C5: Finance | D5: 21 | E5: 45003 | F5: Present | G5: On Leave | H5: =COUNTIF(F3:F17,"On Leave") -> 3 | J5: Finance | K5: =COUNTIF(C3:C17,"Finance") -> 3
A6: R004 | B6: Sneha Patel | C6: HR | E6: 45018 | F6: On Leave | J6: HR | K6: =COUNTIF(C3:C17,"HR") -> 3
A7: R005 | B7: Mohan Das | C7: Sales | D7: 19 | E7: 45061 | F7: Present | J7: IT | K7: =COUNTIF(C3:C17,"IT") -> 2
A8: R006 | B8: Kavya Nair | C8: Marketing | D8: 23 | E8: 45078 | F8: Present
A9: R007 | B9: Rahul Mehta | C9: IT | E9: 45127 | F9: On Leave
A10: R008 | B10: Anjali Verma | C10: Finance | D10: 22 | E10: 45148 | F10: Present
A11: R009 | B11: Suresh Rao | C11: HR | D11: 18 | E11: 45174 | F11: Present
A12: R010 | B12: Neha Gupta | C12: Sales | E12: 45213 | F12: Absent
A13: R011 | B13: Karthik M | C13: IT | D13: 21 | E13: 45231 | F13: Present
A14: R012 | B14: Pooja Singh | C14: Marketing | D14: 20 | E14: 45269 | F14: Present
A15: R013 | B15: Vinod Kumar | C15: Finance | E15: 45294 | F15: On Leave
A16: R014 | B16: Deepa R | C16: HR | D16: 22 | E16: 45339 | F16: Present
A17: R015 | B17: Amit Shah | C17: Sales | D17: 21 | E17: 45376 | F17: Present

Sheet Text Functions
A1: Employee Master & ID Management
A2: Emp Code | B2: Emp Serial No | C2: First Name | D2: Last Name | E2: Emp Name | F2: Department Code | G2: Date of Joining | H2: Official Email
A3: EK-SAL-001 | B3: =RIGHT(A3,3) -> 001 | C3: Arun | D3: Kumar | E3: =_xlfn.TEXTJOIN(" ",TRUE,C3,D3) -> Arun Kumar | F3: =MID(A3,4,3) -> SAL | G3: 44573 | H3: arun.kumar@company.com
A4: EK-MKT-002 | B4: =RIGHT(A4,3) -> 002 | C4: Priya | D4: Sharma | E4: =_xlfn.TEXTJOIN(" ",TRUE,C4,D4) -> Priya Sharma | F4: =MID(A4,4,3) -> MKT | G4: 44617 | H4: priya.sharma@company.com
A5: EK-FIN-003 | B5: =RIGHT(A5,3) -> 003 | C5: Ramesh | D5: Iyer | E5: =_xlfn.TEXTJOIN(" ",TRUE,C5,D5) -> Ramesh Iyer | F5: =MID(A5,4,3) -> FIN | G5: 44628 | H5: ramesh.iyer@company.com
A6: EK-HR-004 | B6: =RIGHT(A6,3) -> 004 | C6: Sneha | D6: Patel | E6: =_xlfn.TEXTJOIN(" ",TRUE,C6,D6) -> Sneha Patel | F6: =MID(A6,4,2) -> HR | G6: 44670 | H6: sneha.patel@company.com
A7: EK-SAL-005 | B7: =RIGHT(A7,3) -> 005 | C7: Mohan | D7: Das | E7: =_xlfn.TEXTJOIN(" ",TRUE,C7,D7) -> Mohan Das | F7: =MID(A7,4,3) -> SAL | G7: 44684 | H7: mohan.das@company.com
A8: EK-IT-006 | B8: =RIGHT(A8,3) -> 006 | C8: Kavya | D8: Nair | E8: =_xlfn.TEXTJOIN(" ",TRUE,C8,D8) -> Kavya Nair | F8: =MID(A8,4,2) -> IT | G8: 44726 | H8: kavya.nair@company.com
A9: EK-MKT-007 | B9: =RIGHT(A9,3) -> 007 | C9: Rahul | D9: Mehta | E9: =_xlfn.TEXTJOIN(" ",TRUE,C9,D9) -> Rahul Mehta | F9: =MID(A9,4,3) -> MKT | G9: 44769 | H9: rahul.mehta@company.com
A10: EK-FIN-008 | B10: =RIGHT(A10,3) -> 008 | C10: Anjali | D10: Verma | E10: =_xlfn.TEXTJOIN(" ",TRUE,C10,D10) -> Anjali Verma | F10: =MID(A10,4,3) -> FIN | G10: 44784 | H10: anjali.verma@company.com
A11: EK-HR-009 | B11: =RIGHT(A11,3) -> 009 | C11: Suresh | D11: Rao | E11: =_xlfn.TEXTJOIN(" ",TRUE,C11,D11) -> Suresh Rao | F11: =MID(A11,4,2) -> HR | G11: 44809 | H11: suresh.rao@company.com
A12: EK-SAL-010 | B12: =RIGHT(A12,3) -> 010 | C12: Neha | D12: Gupta | E12: =_xlfn.TEXTJOIN(" ",TRUE,C12,D12) -> Neha Gupta | F12: =MID(A12,4,3) -> SAL | G12: 44852 | H12: neha.gupta@company.com
A13: EK-IT-011 | B13: =RIGHT(A13,3) -> 011 | C13: Karthik | D13: M | E13: =_xlfn.TEXTJOIN(" ",TRUE,C13,D13) -> Karthik M | F13: =MID(A13,4,2) -> IT | G13: 44867 | H13: karthik.m@company.com
A14: EK-MKT-012 | B14: =RIGHT(A14,3) -> 012 | C14: Pooja | D14: Singh | E14: =_xlfn.TEXTJOIN(" ",TRUE,C14,D14) -> Pooja Singh | F14: =MID(A14,4,3) -> MKT | G14: 44911 | H14: pooja.singh@company.com
A15: EK-FIN-013 | B15: =RIGHT(A15,3) -> 013 | C15: Vinod | D15: Kumar | E15: =_xlfn.TEXTJOIN(" ",TRUE,C15,D15) -> Vinod Kumar | F15: =MID(A15,4,3) -> FIN | G15: 44933 | H15: vinod.kumar@company.com
A16: EK-HR-014 | B16: =RIGHT(A16,3) -> 014 | C16: Deepa | D16: R | E16: =_xlfn.TEXTJOIN(" ",TRUE,C16,D16) -> Deepa R | F16: =MID(A16,4,2) -> HR | G16: 44978 | H16: deepa.r@company.com
A17: EK-SAL-015 | B17: =RIGHT(A17,3) -> 015 | C17: Amit | D17: Shah | E17: =_xlfn.TEXTJOIN(" ",TRUE,C17,D17) -> Amit Shah | F17: =MID(A17,4,3) -> SAL | G17: 44995 | H17: amit.shah@company.com

Sheet Dynamic Array Function
A1: Employee ID | B1: Employee Name | C1: Department | D1: Performance Rating | E1: Monthly Salary (₹) | G1: Employee ID | H1: Employee Name | I1: Department | J1: Performance Rating | K1: Monthly Salary (₹)
A2: EMP101 | B2: Arun Kumar | C2: Sales | D2: 4.2 | E2: 45000 | G2: {=_xlfn.SORTBY(A2:E16,D2:D16,-1)} -> EMP113 | H2: Vinod Kumar | I2: Finance | J2: 4.8 | K2: 68000
A3: EMP102 | B3: Priya Sharma | C3: Marketing | D3: 3.8 | E3: 52000 | G3: EMP106 | H3: Kavya Nair | I3: IT | J3: 4.7 | K3: 65000
A4: EMP103 | B4: Ramesh Iyer | C4: Finance | D4: 4.5 | E4: 58000 | G4: EMP110 | H4: Neha Gupta | I4: Sales | J4: 4.6 | K4: 62000
A5: EMP104 | B5: Sneha Patel | C5: HR | D5: 3.6 | E5: 42000 | G5: EMP103 | H5: Ramesh Iyer | I5: Finance | J5: 4.5 | K5: 58000
A6: EMP105 | B6: Mohan Das | C6: Sales | D6: 4 | E6: 48000 | G6: EMP115 | H6: Amit Shah | I6: Sales | J6: 4.4 | K6: 59000
A7: EMP106 | B7: Kavya Nair | C7: IT | D7: 4.7 | E7: 65000 | G7: EMP108 | H7: Anjali Verma | I7: Finance | J7: 4.3 | K7: 60000
A8: EMP107 | B8: Rahul Mehta | C8: Marketing | D8: 3.9 | E8: 50000 | G8: EMP101 | H8: Arun Kumar | I8: Sales | J8: 4.2 | K8: 45000
A9: EMP108 | B9: Anjali Verma | C9: Finance | D9: 4.3 | E9: 60000 | G9: EMP111 | H9: Karthik M | I9: IT | J9: 4.1 | K9: 57000
A10: EMP109 | B10: Suresh Rao | C10: HR | D10: 3.5 | E10: 41000 | G10: EMP105 | H10: Mohan Das | I10: Sales | J10: 4 | K10: 48000
A11: EMP110 | B11: Neha Gupta | C11: Sales | D11: 4.6 | E11: 62000 | G11: EMP107 | H11: Rahul Mehta | I11: Marketing | J11: 3.9 | K11: 50000
A12: EMP111 | B12: Karthik M | C12: IT | D12: 4.1 | E12: 57000 | G12: EMP102 | H12: Priya Sharma | I12: Marketing | J12: 3.8 | K12: 52000
A13: EMP112 | B13: Pooja Singh | C13: Marketing | D13: 3.7 | E13: 49000 | G13: EMP112 | H13: Pooja Singh | I13: Marketing | J13: 3.7 | K13: 49000
A14: EMP113 | B14: Vinod Kumar | C14: Finance | D14: 4.8 | E14: 68000 | G14: EMP104 | H14: Sneha Patel | I14: HR | J14: 3.6 | K14: 42000
... A16: EMP115 | B16: Amit Shah | C16: Sales | D16: 4.4 | E16: 59000 | G16: EMP114 | H16: Deepa R | I16: HR | J16: 3.4 | K16: 40000

Sheet Lookup Function S1
A1: Employee Monthly Work Report (Main Sheet)
A2: Employee ID | B2: Employee Name | C2: Department | D2: Days Worked | E2: Daily Salary | F2: Salary
A3: E101 | B3: Arun Kumar | C3: Sales | D3: 24 | E3: =_xlfn.XLOOKUP(A3,'Lookup Function S2'!A3:A17,'Lookup Function S2'!C3:C17) -> 1800 | F3: =PRODUCT(D3,E3) -> 43200
A4: E102 | B4: Priya Sharma | C4: Marketing | D4: 22 | E4: =_xlfn.XLOOKUP(A4,'Lookup Function S2'!A4:A18,'Lookup Function S2'!C4:C18) -> 2000 | F4: =PRODUCT(D4,E4) -> 44000
A5: E103 | B5: Ramesh Iyer | C5: Finance | D5: 25 | E5: =_xlfn.XLOOKUP(A5,'Lookup Function S2'!A5:A19,'Lookup Function S2'!C5:C19) -> 2200 | F5: =PRODUCT(D5,E5) -> 55000
A6: E104 | B6: Sneha Patel | C6: HR | D6: 21 | E6: =_xlfn.XLOOKUP(A6,'Lookup Function S2'!A6:A20,'Lookup Function S2'!C6:C20) -> 1700 | F6: =PRODUCT(D6,E6) -> 35700
A7: E105 | B7: Mohan Das | C7: Sales | D7: 23 | E7: =_xlfn.XLOOKUP(A7,'Lookup Function S2'!A7:A21,'Lookup Function S2'!C7:C21) -> 1800 | F7: =PRODUCT(D7,E7) -> 41400
A8: E106 | B8: Kavya Nair | C8: IT | D8: 26 | E8: =_xlfn.XLOOKUP(A8,'Lookup Function S2'!A8:A22,'Lookup Function S2'!C8:C22) -> 2500 | F8: =PRODUCT(D8,E8) -> 65000
A9: E107 | B9: Rahul Mehta | C9: Marketing | D9: 20 | E9: =_xlfn.XLOOKUP(A9,'Lookup Function S2'!A9:A23,'Lookup Function S2'!C9:C23) -> 2000 | F9: =PRODUCT(D9,E9) -> 40000
A10: E108 | B10: Anjali Verma | C10: Finance | D10: 24 | E10: =_xlfn.XLOOKUP(A10,'Lookup Function S2'!A10:A24,'Lookup Function S2'!C10:C24) -> 2200 | F10: =PRODUCT(D10,E10) -> 52800
A11: E109 | B11: Suresh Rao | C11: HR | D11: 22 | E11: =_xlfn.XLOOKUP(A11,'Lookup Function S2'!A11:A25,'Lookup Function S2'!C11:C25) -> 1700 | F11: =PRODUCT(D11,E11) -> 37400
A12: E110 | B12: Neha Gupta | C12: Sales | D12: 25 | E12: =_xlfn.XLOOKUP(A12,'Lookup Function S2'!A12:A26,'Lookup Function S2'!C12:C26) -> 2600 | F12: =PRODUCT(D12,E12) -> 65000
A13: E111 | B13: Karthik M | C13: IT | D13: 23 | E13: =_xlfn.XLOOKUP(A13,'Lookup Function S2'!A13:A27,'Lookup Function S2'!C13:C27) -> 2500 | F13: =PRODUCT(D13,E13) -> 57500
A14: E112 | B14: Pooja Singh | C14: Marketing | D14: 21 | E14: =_xlfn.XLOOKUP(A14,'Lookup Function S2'!A14:A28,'Lookup Function S2'!C14:C28) -> 2000 | F14: =PRODUCT(D14,E14) -> 42000
... A17: E115 | B17: Amit Shah | C17: Sales | D17: 24 | E17: =_xlfn.XLOOKUP(A17,'Lookup Function S2'!A17:A31,'Lookup Function S2'!C17:C31) -> 1800 | F17: =PRODUCT(D17,E17) -> 43200

Sheet Lookup Function S2
A1: Employee Salary Master (Reference Sheet)
A2: Employee ID | B2: Designation | C2: Daily Salary (₹) | D2: Location
A3: E101 | B3: Sales Executive | C3: 1800 | D3: Chennai
A4: E102 | B4: Marketing Executive | C4: 2000 | D4: Bengaluru
A5: E103 | B5: Finance Analyst | C5: 2200 | D5: Mumbai
A6: E104 | B6: HR Executive | C6: 1700 | D6: Chennai
A7: E105 | B7: Sales Executive | C7: 1800 | D7: Hyderabad
A8: E106 | B8: Software Engineer | C8: 2500 | D8: Bengaluru
A9: E107 | B9: Marketing Executive | C9: 2000 | D9: Pune
A10: E108 | B10: Finance Analyst | C10: 2200 | D10: Mumbai
A11: E109 | B11: HR Executive | C11: 1700 | D11: Chennai
A12: E110 | B12: Sales Manager | C12: 2600 | D12: Delhi
A13: E111 | B13: Software Engineer | C13: 2500 | D13: Bengaluru
A14: E112 | B14: Marketing Executive | C14: 2000 | D14: Pune
... A17: E115 | B17: Sales Executive | C17: 1800 | D17: Delhi
